[{"model": "odontologia.tipoperfil", "pk": 1, "fields": {"nombre_perfil": "Odontologo"}}, {"model": "odontologia.tipoperfil", "pk": 2, "fields": {"nombre_perfil": "Investigador"}}, {"model": "odontologia.tipodocumento", "pk": 1, "fields": {"nombre_documento_identidad": "Cedula de Ciudadania"}}, {"model": "odontologia.tipodocumento", "pk": 2, "fields": {"nombre_documento_identidad": "Cedula de Extranjeri"}}, {"model": "odontologia.tipocodificacion", "pk": 1, "fields": {"tipo_codificacion": "Codificacion 1"}}, {"model": "odontologia.tipocodificacion", "pk": 2, "fields": {"tipo_codificacion": "Codificacion 2"}}, {"model": "odontologia.dientes", "pk": 7, "fields": {"lado": "Izquierdo", "numero_diente": 11, "numero_secundario": 51, "orden": "000"}}, {"model": "odontologia.dientes", "pk": 8, "fields": {"lado": "Izquierdo", "numero_diente": 12, "numero_secundario": 52, "orden": "002"}}, {"model": "odontologia.dientes", "pk": 9, "fields": {"lado": "Izquierdo", "numero_diente": 13, "numero_secundario": 53, "orden": "003"}}, {"model": "odontologia.dientes", "pk": 10, "fields": {"lado": "Izquierdo", "numero_diente": 14, "numero_secundario": 54, "orden": "004"}}, {"model": "odontologia.dientes", "pk": 11, "fields": {"lado": "Izquierdo", "numero_diente": 15, "numero_secundario": 55, "orden": "005"}}, {"model": "odontologia.dientes", "pk": 12, "fields": {"lado": "Izquierdo", "numero_diente": 16, "numero_secundario": 0, "orden": "006"}}, {"model": "odontologia.dientes", "pk": 13, "fields": {"lado": "Izquierdo", "numero_diente": 17, "numero_secundario": 0, "orden": "007"}}, {"model": "odontologia.dientes", "pk": 14, "fields": {"lado": "Izquierdo", "numero_diente": 18, "numero_secundario": 0, "orden": "008"}}, {"model": "odontologia.dientes", "pk": 15, "fields": {"lado": "Izquierdo", "numero_diente": 48, "numero_secundario": 0, "orden": "009"}}, {"model": "odontologia.dientes", "pk": 16, "fields": {"lado": "Izquierdo", "numero_diente": 47, "numero_secundario": 0, "orden": "010"}}, {"model": "odontologia.dientes", "pk": 17, "fields": {"lado": "Izquierdo", "numero_diente": 46, "numero_secundario": 0, "orden": "011"}}, {"model": "odontologia.dientes", "pk": 18, "fields": {"lado": "Izquierdo", "numero_diente": 45, "numero_secundario": 85, "orden": "012"}}, {"model": "odontologia.dientes", "pk": 19, "fields": {"lado": "Izquierdo", "numero_diente": 44, "numero_secundario": 84, "orden": "013"}}, {"model": "odontologia.dientes", "pk": 20, "fields": {"lado": "Izquierdo", "numero_diente": 43, "numero_secundario": 83, "orden": "014"}}, {"model": "odontologia.dientes", "pk": 21, "fields": {"lado": "Izquierdo", "numero_diente": 42, "numero_secundario": 82, "orden": "015"}}, {"model": "odontologia.dientes", "pk": 22, "fields": {"lado": "Izquierdo", "numero_diente": 41, "numero_secundario": 81, "orden": "016"}}, {"model": "odontologia.dientes", "pk": 23, "fields": {"lado": "Derecho", "numero_diente": 61, "numero_secundario": 21, "orden": "000"}}, {"model": "odontologia.dientes", "pk": 24, "fields": {"lado": "Derecho", "numero_diente": 62, "numero_secundario": 22, "orden": "001"}}, {"model": "odontologia.dientes", "pk": 25, "fields": {"lado": "Derecho", "numero_diente": 63, "numero_secundario": 23, "orden": "002"}}, {"model": "odontologia.dientes", "pk": 26, "fields": {"lado": "Derecho", "numero_diente": 64, "numero_secundario": 24, "orden": "003"}}, {"model": "odontologia.dientes", "pk": 28, "fields": {"lado": "Derecho", "numero_diente": 65, "numero_secundario": 25, "orden": "004"}}, {"model": "odontologia.dientes", "pk": 29, "fields": {"lado": "Derecho", "numero_diente": 26, "numero_secundario": 0, "orden": "005"}}, {"model": "odontologia.dientes", "pk": 30, "fields": {"lado": "Derecho", "numero_diente": 27, "numero_secundario": 0, "orden": "006"}}, {"model": "odontologia.dientes", "pk": 31, "fields": {"lado": "Derecho", "numero_diente": 28, "numero_secundario": 0, "orden": "007"}}, {"model": "odontologia.dientes", "pk": 32, "fields": {"lado": "Derecho", "numero_diente": 38, "numero_secundario": 0, "orden": "008"}}, {"model": "odontologia.dientes", "pk": 33, "fields": {"lado": "Derecho", "numero_diente": 37, "numero_secundario": 0, "orden": "009"}}, {"model": "odontologia.dientes", "pk": 34, "fields": {"lado": "Derecho", "numero_diente": 36, "numero_secundario": 0, "orden": "010"}}, {"model": "odontologia.dientes", "pk": 35, "fields": {"lado": "Derecho", "numero_diente": 75, "numero_secundario": 35, "orden": "011"}}, {"model": "odontologia.dientes", "pk": 36, "fields": {"lado": "Derecho", "numero_diente": 74, "numero_secundario": 34, "orden": "012"}}, {"model": "odontologia.dientes", "pk": 37, "fields": {"lado": "Derecho", "numero_diente": 73, "numero_secundario": 33, "orden": "013"}}, {"model": "odontologia.dientes", "pk": 38, "fields": {"lado": "Derecho", "numero_diente": 72, "numero_secundario": 32, "orden": "014"}}, {"model": "odontologia.dientes", "pk": 39, "fields": {"lado": "Derecho", "numero_diente": 71, "numero_secundario": 31, "orden": "015"}}, {"model": "odontologia.perfiles", "pk": 1, "fields": {"usuario": 2, "tipo_perfil": 1}}, {"model": "odontologia.perfiles", "pk": 2, "fields": {"usuario": 3, "tipo_perfil": 2}}, {"model": "odontologia.perfiles", "pk": 3, "fields": {"usuario": 7, "tipo_perfil": 1}}, {"model": "odontologia.codificaciones", "pk": 1, "fields": {"acronimo": "AA", "significado": "Ausente Antiguo+espacio", "tipo_codificacion": 1}}, {"model": "odontologia.codificaciones", "pk": 2, "fields": {"acronimo": "AR", "significado": "Ausente Reciente", "tipo_codificacion": 1}}, {"model": "odontologia.codificaciones", "pk": 3, "fields": {"acronimo": "C", "significado": "Carles+sup+grado severidad", "tipo_codificacion": 1}}, {"model": "odontologia.codificaciones", "pk": 4, "fields": {"acronimo": "DC", "significado": "Destruccion Coronal", "tipo_codificacion": 1}}, {"model": "odontologia.codificaciones", "pk": 5, "fields": {"acronimo": "DL", "significado": "Desgaste Leve", "tipo_codificacion": 1}}, {"model": "odontologia.codificaciones", "pk": 6, "fields": {"acronimo": "DM", "significado": "Desgaste Moderado", "tipo_codificacion": 1}}, {"model": "odontologia.codificaciones", "pk": 7, "fields": {"acronimo": "DS", "significado": "Desgaste Severo", "tipo_codificacion": 1}}, {"model": "odontologia.codificaciones", "pk": 8, "fields": {"acronimo": "EP", "significado": "Enfermedad Periodontal", "tipo_codificacion": 1}}, {"model": "odontologia.codificaciones", "pk": 9, "fields": {"acronimo": "FA", "significado": "Fractura Antiugua+Superficie", "tipo_codificacion": 1}}, {"model": "odontologia.codificaciones", "pk": 10, "fields": {"acronimo": "FR", "significado": "Fractura Reciente+Superficie", "tipo_codificacion": 1}}, {"model": "odontologia.codificaciones", "pk": 11, "fields": {"acronimo": "HI", "significado": "Hipoplasia", "tipo_codificacion": 1}}, {"model": "odontologia.codificaciones", "pk": 12, "fields": {"acronimo": "PG", "significado": "Pigmentacion", "tipo_codificacion": 1}}, {"model": "odontologia.codificaciones", "pk": 13, "fields": {"acronimo": "RG", "significado": "Retraccion Gingival", "tipo_codificacion": 1}}, {"model": "odontologia.codificaciones", "pk": 14, "fields": {"acronimo": "SA", "significado": "Sin Alteracion", "tipo_codificacion": 1}}, {"model": "odontologia.codificaciones", "pk": 15, "fields": {"acronimo": "EX", "significado": "Extruido", "tipo_codificacion": 1}}, {"model": "odontologia.codificaciones", "pk": 16, "fields": {"acronimo": "IN", "significado": "Intruido", "tipo_codificacion": 1}}, {"model": "odontologia.codificaciones", "pk": 17, "fields": {"acronimo": "VE", "significado": "Version", "tipo_codificacion": 1}}, {"model": "odontologia.codificaciones", "pk": 18, "fields": {"acronimo": "AL", "significado": "Rotacion Leve", "tipo_codificacion": 1}}, {"model": "odontologia.codificaciones", "pk": 19, "fields": {"acronimo": "RM", "significado": "Rotacion Moderada", "tipo_codificacion": 1}}, {"model": "odontologia.codificaciones", "pk": 20, "fields": {"acronimo": "RS", "significado": "Rotacion Severa", "tipo_codificacion": 1}}, {"model": "odontologia.codificaciones", "pk": 21, "fields": {"acronimo": "AG", "significado": "Amalgama+superficie", "tipo_codificacion": 1}}, {"model": "odontologia.codificaciones", "pk": 22, "fields": {"acronimo": "CC", "significado": "Corona Completa", "tipo_codificacion": 1}}, {"model": "odontologia.codificaciones", "pk": 23, "fields": {"acronimo": "CE", "significado": "Corona Material Estetico", "tipo_codificacion": 1}}, {"model": "odontologia.codificaciones", "pk": 24, "fields": {"acronimo": "IE", "significado": "Incrustacion Estetica+superficie", "tipo_codificacion": 1}}, {"model": "odontologia.codificaciones", "pk": 25, "fields": {"acronimo": "IM", "significado": "Incrustacion Metalica+superficie", "tipo_codificacion": 1}}, {"model": "odontologia.codificaciones", "pk": 26, "fields": {"acronimo": "OE", "significado": "Obturacion Estetica+superficie", "tipo_codificacion": 1}}, {"model": "odontologia.codificaciones", "pk": 27, "fields": {"acronimo": "OT", "significado": "Obturacion Temporal+superficie", "tipo_codificacion": 1}}, {"model": "odontologia.codificaciones", "pk": 28, "fields": {"acronimo": "PE", "significado": "Parcialmente Erupcionado", "tipo_codificacion": 1}}, {"model": "odontologia.codificaciones", "pk": 29, "fields": {"acronimo": "PI", "significado": "Pilar", "tipo_codificacion": 1}}, {"model": "odontologia.codificaciones", "pk": 30, "fields": {"acronimo": "PF", "significado": "Protesis Fija", "tipo_codificacion": 1}}, {"model": "odontologia.codificaciones", "pk": 31, "fields": {"acronimo": "PO", "significado": "Pontico", "tipo_codificacion": 1}}, {"model": "odontologia.codificaciones", "pk": 32, "fields": {"acronimo": "PR", "significado": "Protesis Removible", "tipo_codificacion": 1}}, {"model": "odontologia.codificaciones", "pk": 33, "fields": {"acronimo": "PT", "significado": "Protesis Total", "tipo_codificacion": 1}}, {"model": "odontologia.codificaciones", "pk": 34, "fields": {"acronimo": "RR", "significado": "Resto Radicular", "tipo_codificacion": 1}}, {"model": "odontologia.codificaciones", "pk": 35, "fields": {"acronimo": "SF", "significado": "Sellante Fosetas y Fisuras", "tipo_codificacion": 1}}, {"model": "odontologia.codificaciones", "pk": 36, "fields": {"acronimo": "CER", "significado": "Cervical", "tipo_codificacion": 1}}, {"model": "odontologia.codificaciones", "pk": 37, "fields": {"acronimo": "D", "significado": "Distal", "tipo_codificacion": 1}}, {"model": "odontologia.codificaciones", "pk": 38, "fields": {"acronimo": "I", "significado": "Incisal", "tipo_codificacion": 1}}, {"model": "odontologia.codificaciones", "pk": 39, "fields": {"acronimo": "L", "significado": "Lingual", "tipo_codificacion": 1}}, {"model": "odontologia.codificaciones", "pk": 40, "fields": {"acronimo": "M", "significado": "Mesial", "tipo_codificacion": 1}}, {"model": "odontologia.codificaciones", "pk": 41, "fields": {"acronimo": "O", "significado": "Octusial", "tipo_codificacion": 1}}, {"model": "odontologia.codificaciones", "pk": 42, "fields": {"acronimo": "P", "significado": "Palatino", "tipo_codificacion": 1}}, {"model": "odontologia.codificaciones", "pk": 43, "fields": {"acronimo": "V", "significado": "Vestibular", "tipo_codificacion": 1}}, {"model": "odontologia.codificaciones", "pk": 44, "fields": {"acronimo": "AB", "significado": "Abrasion", "tipo_codificacion": 2}}, {"model": "odontologia.codificaciones", "pk": 45, "fields": {"acronimo": "BR", "significado": "Brackets", "tipo_codificacion": 2}}, {"model": "odontologia.codificaciones", "pk": 46, "fields": {"acronimo": "ER", "significado": "Erosion", "tipo_codificacion": 2}}, {"model": "odontologia.codificaciones", "pk": 47, "fields": {"acronimo": "MI", "significado": "Microdoncia", "tipo_codificacion": 2}}, {"model": "odontologia.codificaciones", "pk": 48, "fields": {"acronimo": "TP", "significado": "Talla Preprotesica", "tipo_codificacion": 2}}, {"model": "odontologia.codificaciones", "pk": 49, "fields": {"acronimo": "AF", "significado": "Abfraccion", "tipo_codificacion": 2}}, {"model": "odontologia.codificaciones", "pk": 50, "fields": {"acronimo": "CA", "significado": "Calculos", "tipo_codificacion": 2}}, {"model": "odontologia.codificaciones", "pk": 51, "fields": {"acronimo": "FE", "significado": "Ferula", "tipo_codificacion": 2}}, {"model": "odontologia.codificaciones", "pk": 52, "fields": {"acronimo": "NU", "significado": "Nucleo", "tipo_codificacion": 2}}, {"model": "odontologia.codificaciones", "pk": 53, "fields": {"acronimo": "AP", "significado": "Apiñamiento", "tipo_codificacion": 2}}, {"model": "odontologia.codificaciones", "pk": 54, "fields": {"acronimo": "DA", "significado": "Diastema", "tipo_codificacion": 2}}, {"model": "odontologia.codificaciones", "pk": 55, "fields": {"acronimo": "FI", "significado": "Fragmento Incompleto", "tipo_codificacion": 2}}, {"model": "odontologia.codificaciones", "pk": 56, "fields": {"acronimo": "PL", "significado": "Placa Ortopedia", "tipo_codificacion": 2}}, {"model": "odontologia.codificaciones", "pk": 57, "fields": {"acronimo": "AT", "significado": "Atricion", "tipo_codificacion": 2}}, {"model": "odontologia.codificaciones", "pk": 58, "fields": {"acronimo": "DI", "significado": "Diente Incluido", "tipo_codificacion": 2}}, {"model": "odontologia.codificaciones", "pk": 59, "fields": {"acronimo": "MA", "significado": "Macrodoncia", "tipo_codificacion": 2}}, {"model": "odontologia.codificaciones", "pk": 60, "fields": {"acronimo": "SU", "significado": "Supernumerario", "tipo_codificacion": 2}}, {"model": "odontologia.pacientes", "pk": 1, "fields": {"n_documento": 123456, "tipo_documento": 2, "primer_nombre": "Juan", "segundo_nombre": "Camilo", "primer_apellido": "Perez", "segundo_apellido": "Grimaldi"}}, {"model": "odontologia.pacientes", "pk": 2, "fields": {"n_documento": 1234567, "tipo_documento": 1, "primer_nombre": "Edilsa", "segundo_nombre": "Naomi", "primer_apellido": "Perez", "segundo_apellido": "Perez"}}, {"model": "odontologia.pacientesdientes", "pk": 1, "fields": {"id_paciente": 1, "id_diente": 7, "diagnostico": 1}}, {"model": "odontologia.pacientesdientes", "pk": 2, "fields": {"id_paciente": 1, "id_diente": 7, "diagnostico": 2}}, {"model": "odontologia.pacientesdientes", "pk": 3, "fields": {"id_paciente": 2, "id_diente": 7, "diagnostico": 1}}, {"model": "odontologia.pacientesdientes", "pk": 4, "fields": {"id_paciente": 2, "id_diente": 7, "diagnostico": 2}}, {"model": "odontologia.pacientesdientes", "pk": 5, "fields": {"id_paciente": 1, "id_diente": 24, "diagnostico": 3}}, {"model": "admin.logentry", "pk": 1, "fields": {"action_time": "2022-05-01T01:14:06.036Z", "user": 1, "content_type": 8, "object_id": "1", "object_repr": "TipoPerfil object (1)", "action_flag": 1, "change_message": "[{\"added\": {}}]"}}, {"model": "admin.logentry", "pk": 2, "fields": {"action_time": "2022-05-01T01:14:11.946Z", "user": 1, "content_type": 8, "object_id": "2", "object_repr": "TipoPerfil object (2)", "action_flag": 1, "change_message": "[{\"added\": {}}]"}}, {"model": "admin.logentry", "pk": 3, "fields": {"action_time": "2022-05-01T01:14:27.385Z", "user": 1, "content_type": 13, "object_id": "1", "object_repr": "TipoDocumento object (1)", "action_flag": 1, "change_message": "[{\"added\": {}}]"}}, {"model": "admin.logentry", "pk": 4, "fields": {"action_time": "2022-05-01T01:14:33.909Z", "user": 1, "content_type": 13, "object_id": "2", "object_repr": "TipoDocumento object (2)", "action_flag": 1, "change_message": "[{\"added\": {}}]"}}, {"model": "admin.logentry", "pk": 5, "fields": {"action_time": "2022-05-01T01:18:02.211Z", "user": 1, "content_type": 14, "object_id": "1", "object_repr": "TipoCodificacion object (1)", "action_flag": 1, "change_message": "[{\"added\": {}}]"}}, {"model": "admin.logentry", "pk": 6, "fields": {"action_time": "2022-05-01T01:18:06.999Z", "user": 1, "content_type": 14, "object_id": "2", "object_repr": "TipoCodificacion object (2)", "action_flag": 1, "change_message": "[{\"added\": {}}]"}}, {"model": "admin.logentry", "pk": 7, "fields": {"action_time": "2022-05-01T01:22:41.227Z", "user": 1, "content_type": 12, "object_id": "1", "object_repr": "AA Ausente Antiguo+espacio", "action_flag": 1, "change_message": "[{\"added\": {}}]"}}, {"model": "admin.logentry", "pk": 8, "fields": {"action_time": "2022-05-01T01:23:55.618Z", "user": 1, "content_type": 12, "object_id": "2", "object_repr": "AR Ausente Reciente", "action_flag": 1, "change_message": "[{\"added\": {}}]"}}, {"model": "admin.logentry", "pk": 9, "fields": {"action_time": "2022-05-01T01:24:16.224Z", "user": 1, "content_type": 12, "object_id": "3", "object_repr": "C Carles+sup+grado severidad", "action_flag": 1, "change_message": "[{\"added\": {}}]"}}, {"model": "admin.logentry", "pk": 10, "fields": {"action_time": "2022-05-01T01:24:31.859Z", "user": 1, "content_type": 12, "object_id": "4", "object_repr": "DC Destruccion Coronal", "action_flag": 1, "change_message": "[{\"added\": {}}]"}}, {"model": "admin.logentry", "pk": 11, "fields": {"action_time": "2022-05-01T01:45:24.430Z", "user": 1, "content_type": 12, "object_id": "5", "object_repr": "DL Desgaste Leve", "action_flag": 1, "change_message": "[{\"added\": {}}]"}}, {"model": "admin.logentry", "pk": 12, "fields": {"action_time": "2022-05-01T01:45:36.792Z", "user": 1, "content_type": 12, "object_id": "6", "object_repr": "DM Desgaste Moderado", "action_flag": 1, "change_message": "[{\"added\": {}}]"}}, {"model": "admin.logentry", "pk": 13, "fields": {"action_time": "2022-05-01T01:45:46.815Z", "user": 1, "content_type": 12, "object_id": "7", "object_repr": "DS Desgaste Severo", "action_flag": 1, "change_message": "[{\"added\": {}}]"}}, {"model": "admin.logentry", "pk": 14, "fields": {"action_time": "2022-05-01T01:45:59.517Z", "user": 1, "content_type": 12, "object_id": "8", "object_repr": "EP Enfermedad Periodontal", "action_flag": 1, "change_message": "[{\"added\": {}}]"}}, {"model": "admin.logentry", "pk": 15, "fields": {"action_time": "2022-05-01T01:46:13.719Z", "user": 1, "content_type": 12, "object_id": "9", "object_repr": "FA Fractura Antiugua+Superficie", "action_flag": 1, "change_message": "[{\"added\": {}}]"}}, {"model": "admin.logentry", "pk": 16, "fields": {"action_time": "2022-05-01T01:46:28.069Z", "user": 1, "content_type": 12, "object_id": "10", "object_repr": "FR Fractura Reciente+Superficie", "action_flag": 1, "change_message": "[{\"added\": {}}]"}}, {"model": "admin.logentry", "pk": 17, "fields": {"action_time": "2022-05-01T01:46:47.041Z", "user": 1, "content_type": 12, "object_id": "11", "object_repr": "HI Hipoplasia", "action_flag": 1, "change_message": "[{\"added\": {}}]"}}, {"model": "admin.logentry", "pk": 18, "fields": {"action_time": "2022-05-01T01:46:58.817Z", "user": 1, "content_type": 12, "object_id": "12", "object_repr": "PG Pigmentacion", "action_flag": 1, "change_message": "[{\"added\": {}}]"}}, {"model": "admin.logentry", "pk": 19, "fields": {"action_time": "2022-05-01T01:47:07.965Z", "user": 1, "content_type": 12, "object_id": "13", "object_repr": "RG Retraccion Gingival", "action_flag": 1, "change_message": "[{\"added\": {}}]"}}, {"model": "admin.logentry", "pk": 20, "fields": {"action_time": "2022-05-01T01:47:17.775Z", "user": 1, "content_type": 12, "object_id": "14", "object_repr": "SA Sin Alteracion", "action_flag": 1, "change_message": "[{\"added\": {}}]"}}, {"model": "admin.logentry", "pk": 21, "fields": {"action_time": "2022-05-01T01:47:28.438Z", "user": 1, "content_type": 12, "object_id": "15", "object_repr": "EX Extruido", "action_flag": 1, "change_message": "[{\"added\": {}}]"}}, {"model": "admin.logentry", "pk": 22, "fields": {"action_time": "2022-05-01T01:47:35.421Z", "user": 1, "content_type": 12, "object_id": "16", "object_repr": "IN Intruido", "action_flag": 1, "change_message": "[{\"added\": {}}]"}}, {"model": "admin.logentry", "pk": 23, "fields": {"action_time": "2022-05-01T01:47:44.409Z", "user": 1, "content_type": 12, "object_id": "17", "object_repr": "VE Version", "action_flag": 1, "change_message": "[{\"added\": {}}]"}}, {"model": "admin.logentry", "pk": 24, "fields": {"action_time": "2022-05-01T01:47:55.780Z", "user": 1, "content_type": 12, "object_id": "18", "object_repr": "AL Rotacion Leve", "action_flag": 1, "change_message": "[{\"added\": {}}]"}}, {"model": "admin.logentry", "pk": 25, "fields": {"action_time": "2022-05-01T01:48:04.592Z", "user": 1, "content_type": 12, "object_id": "19", "object_repr": "RM Rotacion Moderada", "action_flag": 1, "change_message": "[{\"added\": {}}]"}}, {"model": "admin.logentry", "pk": 26, "fields": {"action_time": "2022-05-01T01:48:14.216Z", "user": 1, "content_type": 12, "object_id": "20", "object_repr": "RS Rotacion Severa", "action_flag": 1, "change_message": "[{\"added\": {}}]"}}, {"model": "admin.logentry", "pk": 27, "fields": {"action_time": "2022-05-01T01:49:00.209Z", "user": 1, "content_type": 12, "object_id": "21", "object_repr": "AG Amalgama+superficie", "action_flag": 1, "change_message": "[{\"added\": {}}]"}}, {"model": "admin.logentry", "pk": 28, "fields": {"action_time": "2022-05-01T01:49:11.525Z", "user": 1, "content_type": 12, "object_id": "22", "object_repr": "CC Corona Completa", "action_flag": 1, "change_message": "[{\"added\": {}}]"}}, {"model": "admin.logentry", "pk": 29, "fields": {"action_time": "2022-05-01T01:49:23.070Z", "user": 1, "content_type": 12, "object_id": "23", "object_repr": "CE Corona Material Estetico", "action_flag": 1, "change_message": "[{\"added\": {}}]"}}, {"model": "admin.logentry", "pk": 30, "fields": {"action_time": "2022-05-01T01:49:41.080Z", "user": 1, "content_type": 12, "object_id": "24", "object_repr": "IE Incrustacion Estetica+superficie", "action_flag": 1, "change_message": "[{\"added\": {}}]"}}, {"model": "admin.logentry", "pk": 31, "fields": {"action_time": "2022-05-01T01:50:14.897Z", "user": 1, "content_type": 12, "object_id": "25", "object_repr": "IM Incrustacion Metalica+superficie", "action_flag": 1, "change_message": "[{\"added\": {}}]"}}, {"model": "admin.logentry", "pk": 32, "fields": {"action_time": "2022-05-01T01:50:30.349Z", "user": 1, "content_type": 12, "object_id": "26", "object_repr": "OE Obturacion Estetica+superficie", "action_flag": 1, "change_message": "[{\"added\": {}}]"}}, {"model": "admin.logentry", "pk": 33, "fields": {"action_time": "2022-05-01T01:50:50.942Z", "user": 1, "content_type": 12, "object_id": "27", "object_repr": "OT Obturacion Temporal+superficie", "action_flag": 1, "change_message": "[{\"added\": {}}]"}}, {"model": "admin.logentry", "pk": 34, "fields": {"action_time": "2022-05-01T01:51:03.944Z", "user": 1, "content_type": 12, "object_id": "28", "object_repr": "PE Parcialmente Erupcionado", "action_flag": 1, "change_message": "[{\"added\": {}}]"}}, {"model": "admin.logentry", "pk": 35, "fields": {"action_time": "2022-05-01T01:51:13.805Z", "user": 1, "content_type": 12, "object_id": "29", "object_repr": "PI Pilar", "action_flag": 1, "change_message": "[{\"added\": {}}]"}}, {"model": "admin.logentry", "pk": 36, "fields": {"action_time": "2022-05-01T01:51:21.864Z", "user": 1, "content_type": 12, "object_id": "30", "object_repr": "PF Protesis Fija", "action_flag": 1, "change_message": "[{\"added\": {}}]"}}, {"model": "admin.logentry", "pk": 37, "fields": {"action_time": "2022-05-01T01:51:31.005Z", "user": 1, "content_type": 12, "object_id": "31", "object_repr": "PO Pontico", "action_flag": 1, "change_message": "[{\"added\": {}}]"}}, {"model": "admin.logentry", "pk": 38, "fields": {"action_time": "2022-05-01T01:51:40.770Z", "user": 1, "content_type": 12, "object_id": "32", "object_repr": "PR Protesis Removible", "action_flag": 1, "change_message": "[{\"added\": {}}]"}}, {"model": "admin.logentry", "pk": 39, "fields": {"action_time": "2022-05-01T01:51:52.357Z", "user": 1, "content_type": 12, "object_id": "33", "object_repr": "PT Protesis Total", "action_flag": 1, "change_message": "[{\"added\": {}}]"}}, {"model": "admin.logentry", "pk": 40, "fields": {"action_time": "2022-05-01T01:52:01.169Z", "user": 1, "content_type": 12, "object_id": "34", "object_repr": "RR Resto Radicular", "action_flag": 1, "change_message": "[{\"added\": {}}]"}}, {"model": "admin.logentry", "pk": 41, "fields": {"action_time": "2022-05-01T01:52:14.421Z", "user": 1, "content_type": 12, "object_id": "35", "object_repr": "SF Sellante Fosetas y Fisuras", "action_flag": 1, "change_message": "[{\"added\": {}}]"}}, {"model": "admin.logentry", "pk": 42, "fields": {"action_time": "2022-05-01T01:52:22.102Z", "user": 1, "content_type": 12, "object_id": "36", "object_repr": "C Cervical", "action_flag": 1, "change_message": "[{\"added\": {}}]"}}, {"model": "admin.logentry", "pk": 43, "fields": {"action_time": "2022-05-01T01:52:29.897Z", "user": 1, "content_type": 12, "object_id": "37", "object_repr": "D Distal", "action_flag": 1, "change_message": "[{\"added\": {}}]"}}, {"model": "admin.logentry", "pk": 44, "fields": {"action_time": "2022-05-01T01:52:36.465Z", "user": 1, "content_type": 12, "object_id": "38", "object_repr": "I Incisal", "action_flag": 1, "change_message": "[{\"added\": {}}]"}}, {"model": "admin.logentry", "pk": 45, "fields": {"action_time": "2022-05-01T01:52:43.050Z", "user": 1, "content_type": 12, "object_id": "39", "object_repr": "L Lingual", "action_flag": 1, "change_message": "[{\"added\": {}}]"}}, {"model": "admin.logentry", "pk": 46, "fields": {"action_time": "2022-05-01T01:52:51.384Z", "user": 1, "content_type": 12, "object_id": "40", "object_repr": "M Mesial", "action_flag": 1, "change_message": "[{\"added\": {}}]"}}, {"model": "admin.logentry", "pk": 47, "fields": {"action_time": "2022-05-01T01:52:57.690Z", "user": 1, "content_type": 12, "object_id": "41", "object_repr": "O Octusial", "action_flag": 1, "change_message": "[{\"added\": {}}]"}}, {"model": "admin.logentry", "pk": 48, "fields": {"action_time": "2022-05-01T01:53:05.854Z", "user": 1, "content_type": 12, "object_id": "42", "object_repr": "P Palatino", "action_flag": 1, "change_message": "[{\"added\": {}}]"}}, {"model": "admin.logentry", "pk": 49, "fields": {"action_time": "2022-05-01T01:53:17.598Z", "user": 1, "content_type": 12, "object_id": "43", "object_repr": "V Vestibular", "action_flag": 1, "change_message": "[{\"added\": {}}]"}}, {"model": "admin.logentry", "pk": 50, "fields": {"action_time": "2022-05-01T01:53:43.254Z", "user": 1, "content_type": 12, "object_id": "44", "object_repr": "AB Abrasion", "action_flag": 1, "change_message": "[{\"added\": {}}]"}}, {"model": "admin.logentry", "pk": 51, "fields": {"action_time": "2022-05-01T01:53:50.831Z", "user": 1, "content_type": 12, "object_id": "44", "object_repr": "AB Abrasion", "action_flag": 2, "change_message": "[{\"changed\": {\"fields\": [\"Tipo codificacion\"]}}]"}}, {"model": "admin.logentry", "pk": 52, "fields": {"action_time": "2022-05-01T01:54:06.310Z", "user": 1, "content_type": 12, "object_id": "45", "object_repr": "BR Brackets", "action_flag": 1, "change_message": "[{\"added\": {}}]"}}, {"model": "admin.logentry", "pk": 53, "fields": {"action_time": "2022-05-01T01:54:12.232Z", "user": 1, "content_type": 12, "object_id": "46", "object_repr": "ER Erosion", "action_flag": 1, "change_message": "[{\"added\": {}}]"}}, {"model": "admin.logentry", "pk": 54, "fields": {"action_time": "2022-05-01T01:54:22.144Z", "user": 1, "content_type": 12, "object_id": "47", "object_repr": "MI Microdoncia", "action_flag": 1, "change_message": "[{\"added\": {}}]"}}, {"model": "admin.logentry", "pk": 55, "fields": {"action_time": "2022-05-01T01:54:32.601Z", "user": 1, "content_type": 12, "object_id": "48", "object_repr": "TP Talla Preprotesica", "action_flag": 1, "change_message": "[{\"added\": {}}]"}}, {"model": "admin.logentry", "pk": 56, "fields": {"action_time": "2022-05-01T02:12:30.185Z", "user": 1, "content_type": 12, "object_id": "49", "object_repr": "AF Abfraccion", "action_flag": 1, "change_message": "[{\"added\": {}}]"}}, {"model": "admin.logentry", "pk": 57, "fields": {"action_time": "2022-05-01T02:12:44.476Z", "user": 1, "content_type": 12, "object_id": "50", "object_repr": "CA Calculos", "action_flag": 1, "change_message": "[{\"added\": {}}]"}}, {"model": "admin.logentry", "pk": 58, "fields": {"action_time": "2022-05-01T02:12:51.080Z", "user": 1, "content_type": 12, "object_id": "51", "object_repr": "FE Ferula", "action_flag": 1, "change_message": "[{\"added\": {}}]"}}, {"model": "admin.logentry", "pk": 59, "fields": {"action_time": "2022-05-01T02:12:59.448Z", "user": 1, "content_type": 12, "object_id": "52", "object_repr": "NU Nucleo", "action_flag": 1, "change_message": "[{\"added\": {}}]"}}, {"model": "admin.logentry", "pk": 60, "fields": {"action_time": "2022-05-01T02:13:16.885Z", "user": 1, "content_type": 12, "object_id": "53", "object_repr": "AP Apiñamiento", "action_flag": 1, "change_message": "[{\"added\": {}}]"}}, {"model": "admin.logentry", "pk": 61, "fields": {"action_time": "2022-05-01T02:13:25.029Z", "user": 1, "content_type": 12, "object_id": "54", "object_repr": "DA Diastema", "action_flag": 1, "change_message": "[{\"added\": {}}]"}}, {"model": "admin.logentry", "pk": 62, "fields": {"action_time": "2022-05-01T02:13:36.742Z", "user": 1, "content_type": 12, "object_id": "55", "object_repr": "FI Fragmento Incompleto", "action_flag": 1, "change_message": "[{\"added\": {}}]"}}, {"model": "admin.logentry", "pk": 63, "fields": {"action_time": "2022-05-01T02:13:55.071Z", "user": 1, "content_type": 12, "object_id": "56", "object_repr": "PL Placa Ortopedia", "action_flag": 1, "change_message": "[{\"added\": {}}]"}}, {"model": "admin.logentry", "pk": 64, "fields": {"action_time": "2022-05-01T02:14:08.329Z", "user": 1, "content_type": 12, "object_id": "57", "object_repr": "AT Atricion", "action_flag": 1, "change_message": "[{\"added\": {}}]"}}, {"model": "admin.logentry", "pk": 65, "fields": {"action_time": "2022-05-01T02:14:16.204Z", "user": 1, "content_type": 12, "object_id": "58", "object_repr": "DI Diente Incluido", "action_flag": 1, "change_message": "[{\"added\": {}}]"}}, {"model": "admin.logentry", "pk": 66, "fields": {"action_time": "2022-05-01T02:14:26.308Z", "user": 1, "content_type": 12, "object_id": "59", "object_repr": "MA Macrodoncia", "action_flag": 1, "change_message": "[{\"added\": {}}]"}}, {"model": "admin.logentry", "pk": 67, "fields": {"action_time": "2022-05-01T02:14:39.164Z", "user": 1, "content_type": 12, "object_id": "60", "object_repr": "SU Supernumerario", "action_flag": 1, "change_message": "[{\"added\": {}}]"}}, {"model": "admin.logentry", "pk": 68, "fields": {"action_time": "2022-05-01T02:29:04.484Z", "user": 1, "content_type": 11, "object_id": "7", "object_repr": "11", "action_flag": 1, "change_message": "[{\"added\": {}}]"}}, {"model": "admin.logentry", "pk": 69, "fields": {"action_time": "2022-05-01T02:29:08.499Z", "user": 1, "content_type": 11, "object_id": "8", "object_repr": "12", "action_flag": 1, "change_message": "[{\"added\": {}}]"}}, {"model": "admin.logentry", "pk": 70, "fields": {"action_time": "2022-05-01T02:29:11.107Z", "user": 1, "content_type": 11, "object_id": "9", "object_repr": "13", "action_flag": 1, "change_message": "[{\"added\": {}}]"}}, {"model": "admin.logentry", "pk": 71, "fields": {"action_time": "2022-05-01T02:29:12.110Z", "user": 1, "content_type": 11, "object_id": "10", "object_repr": "14", "action_flag": 1, "change_message": "[{\"added\": {}}]"}}, {"model": "admin.logentry", "pk": 72, "fields": {"action_time": "2022-05-01T02:29:14.620Z", "user": 1, "content_type": 11, "object_id": "11", "object_repr": "15", "action_flag": 1, "change_message": "[{\"added\": {}}]"}}, {"model": "admin.logentry", "pk": 73, "fields": {"action_time": "2022-05-01T02:29:16.262Z", "user": 1, "content_type": 11, "object_id": "12", "object_repr": "16", "action_flag": 1, "change_message": "[{\"added\": {}}]"}}, {"model": "admin.logentry", "pk": 74, "fields": {"action_time": "2022-05-01T02:29:34.890Z", "user": 1, "content_type": 11, "object_id": "13", "object_repr": "17", "action_flag": 1, "change_message": "[{\"added\": {}}]"}}, {"model": "admin.logentry", "pk": 75, "fields": {"action_time": "2022-05-01T02:29:39.890Z", "user": 1, "content_type": 11, "object_id": "14", "object_repr": "18", "action_flag": 1, "change_message": "[{\"added\": {}}]"}}, {"model": "admin.logentry", "pk": 76, "fields": {"action_time": "2022-05-01T02:29:51.353Z", "user": 1, "content_type": 11, "object_id": "15", "object_repr": "48", "action_flag": 1, "change_message": "[{\"added\": {}}]"}}, {"model": "admin.logentry", "pk": 77, "fields": {"action_time": "2022-05-01T02:29:53.673Z", "user": 1, "content_type": 11, "object_id": "16", "object_repr": "47", "action_flag": 1, "change_message": "[{\"added\": {}}]"}}, {"model": "admin.logentry", "pk": 78, "fields": {"action_time": "2022-05-01T02:29:58.071Z", "user": 1, "content_type": 11, "object_id": "17", "object_repr": "46", "action_flag": 1, "change_message": "[{\"added\": {}}]"}}, {"model": "admin.logentry", "pk": 79, "fields": {"action_time": "2022-05-01T02:29:59.966Z", "user": 1, "content_type": 11, "object_id": "18", "object_repr": "45", "action_flag": 1, "change_message": "[{\"added\": {}}]"}}, {"model": "admin.logentry", "pk": 80, "fields": {"action_time": "2022-05-01T02:30:01.926Z", "user": 1, "content_type": 11, "object_id": "19", "object_repr": "44", "action_flag": 1, "change_message": "[{\"added\": {}}]"}}, {"model": "admin.logentry", "pk": 81, "fields": {"action_time": "2022-05-01T02:30:02.911Z", "user": 1, "content_type": 11, "object_id": "20", "object_repr": "43", "action_flag": 1, "change_message": "[{\"added\": {}}]"}}, {"model": "admin.logentry", "pk": 82, "fields": {"action_time": "2022-05-01T02:30:05.940Z", "user": 1, "content_type": 11, "object_id": "21", "object_repr": "42", "action_flag": 1, "change_message": "[{\"added\": {}}]"}}, {"model": "admin.logentry", "pk": 83, "fields": {"action_time": "2022-05-01T02:30:08.322Z", "user": 1, "content_type": 11, "object_id": "22", "object_repr": "41", "action_flag": 1, "change_message": "[{\"added\": {}}]"}}, {"model": "admin.logentry", "pk": 84, "fields": {"action_time": "2022-05-01T02:30:10.143Z", "user": 1, "content_type": 11, "object_id": "23", "object_repr": "61", "action_flag": 1, "change_message": "[{\"added\": {}}]"}}, {"model": "admin.logentry", "pk": 85, "fields": {"action_time": "2022-05-01T02:30:11.799Z", "user": 1, "content_type": 11, "object_id": "24", "object_repr": "62", "action_flag": 1, "change_message": "[{\"added\": {}}]"}}, {"model": "admin.logentry", "pk": 86, "fields": {"action_time": "2022-05-01T02:30:13.179Z", "user": 1, "content_type": 11, "object_id": "25", "object_repr": "63", "action_flag": 1, "change_message": "[{\"added\": {}}]"}}, {"model": "admin.logentry", "pk": 87, "fields": {"action_time": "2022-05-01T02:30:15.374Z", "user": 1, "content_type": 11, "object_id": "26", "object_repr": "64", "action_flag": 1, "change_message": "[{\"added\": {}}]"}}, {"model": "admin.logentry", "pk": 88, "fields": {"action_time": "2022-05-01T02:30:18.990Z", "user": 1, "content_type": 11, "object_id": "27", "object_repr": "65", "action_flag": 1, "change_message": "[{\"added\": {}}]"}}, {"model": "admin.logentry", "pk": 89, "fields": {"action_time": "2022-05-01T02:30:26.086Z", "user": 1, "content_type": 11, "object_id": "28", "object_repr": "25", "action_flag": 1, "change_message": "[{\"added\": {}}]"}}, {"model": "admin.logentry", "pk": 90, "fields": {"action_time": "2022-05-01T02:30:27.523Z", "user": 1, "content_type": 11, "object_id": "29", "object_repr": "26", "action_flag": 1, "change_message": "[{\"added\": {}}]"}}, {"model": "admin.logentry", "pk": 91, "fields": {"action_time": "2022-05-01T02:30:29.585Z", "user": 1, "content_type": 11, "object_id": "30", "object_repr": "27", "action_flag": 1, "change_message": "[{\"added\": {}}]"}}, {"model": "admin.logentry", "pk": 92, "fields": {"action_time": "2022-05-01T02:30:35.250Z", "user": 1, "content_type": 11, "object_id": "31", "object_repr": "28", "action_flag": 1, "change_message": "[{\"added\": {}}]"}}, {"model": "admin.logentry", "pk": 93, "fields": {"action_time": "2022-05-01T02:30:40.448Z", "user": 1, "content_type": 11, "object_id": "32", "object_repr": "38", "action_flag": 1, "change_message": "[{\"added\": {}}]"}}, {"model": "admin.logentry", "pk": 94, "fields": {"action_time": "2022-05-01T02:30:42.438Z", "user": 1, "content_type": 11, "object_id": "33", "object_repr": "37", "action_flag": 1, "change_message": "[{\"added\": {}}]"}}, {"model": "admin.logentry", "pk": 95, "fields": {"action_time": "2022-05-01T02:30:45.062Z", "user": 1, "content_type": 11, "object_id": "34", "object_repr": "36", "action_flag": 1, "change_message": "[{\"added\": {}}]"}}, {"model": "admin.logentry", "pk": 96, "fields": {"action_time": "2022-05-01T02:30:50.838Z", "user": 1, "content_type": 11, "object_id": "35", "object_repr": "75", "action_flag": 1, "change_message": "[{\"added\": {}}]"}}, {"model": "admin.logentry", "pk": 97, "fields": {"action_time": "2022-05-01T02:30:52.508Z", "user": 1, "content_type": 11, "object_id": "36", "object_repr": "74", "action_flag": 1, "change_message": "[{\"added\": {}}]"}}, {"model": "admin.logentry", "pk": 98, "fields": {"action_time": "2022-05-01T02:30:56.325Z", "user": 1, "content_type": 11, "object_id": "37", "object_repr": "73", "action_flag": 1, "change_message": "[{\"added\": {}}]"}}, {"model": "admin.logentry", "pk": 99, "fields": {"action_time": "2022-05-01T02:31:00.927Z", "user": 1, "content_type": 11, "object_id": "38", "object_repr": "72", "action_flag": 1, "change_message": "[{\"added\": {}}]"}}, {"model": "admin.logentry", "pk": 100, "fields": {"action_time": "2022-05-01T02:31:04.088Z", "user": 1, "content_type": 11, "object_id": "39", "object_repr": "71", "action_flag": 1, "change_message": "[{\"added\": {}}]"}}, {"model": "admin.logentry", "pk": 101, "fields": {"action_time": "2022-05-01T02:40:57.783Z", "user": 1, "content_type": 11, "object_id": "7", "object_repr": "11", "action_flag": 2, "change_message": "[{\"changed\": {\"fields\": [\"Numero secundario\"]}}]"}}, {"model": "admin.logentry", "pk": 102, "fields": {"action_time": "2022-05-01T02:41:07.866Z", "user": 1, "content_type": 11, "object_id": "8", "object_repr": "12", "action_flag": 2, "change_message": "[{\"changed\": {\"fields\": [\"Numero secundario\"]}}]"}}, {"model": "admin.logentry", "pk": 103, "fields": {"action_time": "2022-05-01T02:41:15.038Z", "user": 1, "content_type": 11, "object_id": "9", "object_repr": "13", "action_flag": 2, "change_message": "[{\"changed\": {\"fields\": [\"Numero secundario\"]}}]"}}, {"model": "admin.logentry", "pk": 104, "fields": {"action_time": "2022-05-01T02:41:24.482Z", "user": 1, "content_type": 11, "object_id": "10", "object_repr": "14", "action_flag": 2, "change_message": "[{\"changed\": {\"fields\": [\"Numero secundario\"]}}]"}}, {"model": "admin.logentry", "pk": 105, "fields": {"action_time": "2022-05-01T02:41:30.611Z", "user": 1, "content_type": 11, "object_id": "11", "object_repr": "15", "action_flag": 2, "change_message": "[{\"changed\": {\"fields\": [\"Numero secundario\"]}}]"}}, {"model": "admin.logentry", "pk": 106, "fields": {"action_time": "2022-05-01T02:41:47.143Z", "user": 1, "content_type": 11, "object_id": "18", "object_repr": "45", "action_flag": 2, "change_message": "[{\"changed\": {\"fields\": [\"Numero secundario\"]}}]"}}, {"model": "admin.logentry", "pk": 107, "fields": {"action_time": "2022-05-01T02:41:59.280Z", "user": 1, "content_type": 11, "object_id": "19", "object_repr": "44", "action_flag": 2, "change_message": "[{\"changed\": {\"fields\": [\"Numero secundario\"]}}]"}}, {"model": "admin.logentry", "pk": 108, "fields": {"action_time": "2022-05-01T02:42:24.139Z", "user": 1, "content_type": 11, "object_id": "20", "object_repr": "43", "action_flag": 2, "change_message": "[{\"changed\": {\"fields\": [\"Numero secundario\"]}}]"}}, {"model": "admin.logentry", "pk": 109, "fields": {"action_time": "2022-05-01T02:42:36.682Z", "user": 1, "content_type": 11, "object_id": "21", "object_repr": "42", "action_flag": 2, "change_message": "[{\"changed\": {\"fields\": [\"Numero secundario\"]}}]"}}, {"model": "admin.logentry", "pk": 110, "fields": {"action_time": "2022-05-01T02:42:44.475Z", "user": 1, "content_type": 11, "object_id": "22", "object_repr": "41", "action_flag": 2, "change_message": "[{\"changed\": {\"fields\": [\"Numero secundario\"]}}]"}}, {"model": "admin.logentry", "pk": 111, "fields": {"action_time": "2022-05-01T02:42:54.863Z", "user": 1, "content_type": 11, "object_id": "23", "object_repr": "61", "action_flag": 2, "change_message": "[{\"changed\": {\"fields\": [\"Numero secundario\"]}}]"}}, {"model": "admin.logentry", "pk": 112, "fields": {"action_time": "2022-05-01T02:43:06.791Z", "user": 1, "content_type": 11, "object_id": "24", "object_repr": "62", "action_flag": 2, "change_message": "[{\"changed\": {\"fields\": [\"Numero secundario\"]}}]"}}, {"model": "admin.logentry", "pk": 113, "fields": {"action_time": "2022-05-01T02:43:14.485Z", "user": 1, "content_type": 11, "object_id": "25", "object_repr": "63", "action_flag": 2, "change_message": "[{\"changed\": {\"fields\": [\"Numero secundario\"]}}]"}}, {"model": "admin.logentry", "pk": 114, "fields": {"action_time": "2022-05-01T02:43:22.252Z", "user": 1, "content_type": 11, "object_id": "26", "object_repr": "64", "action_flag": 2, "change_message": "[{\"changed\": {\"fields\": [\"Numero secundario\"]}}]"}}, {"model": "admin.logentry", "pk": 115, "fields": {"action_time": "2022-05-01T02:43:28.851Z", "user": 1, "content_type": 11, "object_id": "27", "object_repr": "65", "action_flag": 2, "change_message": "[{\"changed\": {\"fields\": [\"Numero secundario\"]}}]"}}, {"model": "admin.logentry", "pk": 116, "fields": {"action_time": "2022-05-01T02:43:41.741Z", "user": 1, "content_type": 11, "object_id": "35", "object_repr": "75", "action_flag": 2, "change_message": "[{\"changed\": {\"fields\": [\"Numero secundario\"]}}]"}}, {"model": "admin.logentry", "pk": 117, "fields": {"action_time": "2022-05-01T02:43:46.915Z", "user": 1, "content_type": 11, "object_id": "36", "object_repr": "74", "action_flag": 2, "change_message": "[{\"changed\": {\"fields\": [\"Numero secundario\"]}}]"}}, {"model": "admin.logentry", "pk": 118, "fields": {"action_time": "2022-05-01T02:43:53.955Z", "user": 1, "content_type": 11, "object_id": "37", "object_repr": "73", "action_flag": 2, "change_message": "[{\"changed\": {\"fields\": [\"Numero secundario\"]}}]"}}, {"model": "admin.logentry", "pk": 119, "fields": {"action_time": "2022-05-01T02:44:02.320Z", "user": 1, "content_type": 11, "object_id": "38", "object_repr": "72", "action_flag": 2, "change_message": "[{\"changed\": {\"fields\": [\"Numero secundario\"]}}]"}}, {"model": "admin.logentry", "pk": 120, "fields": {"action_time": "2022-05-01T02:44:10.867Z", "user": 1, "content_type": 11, "object_id": "39", "object_repr": "71", "action_flag": 2, "change_message": "[{\"changed\": {\"fields\": [\"Numero secundario\"]}}]"}}, {"model": "admin.logentry", "pk": 121, "fields": {"action_time": "2022-05-01T02:46:05.609Z", "user": 1, "content_type": 11, "object_id": "39", "object_repr": "71 31", "action_flag": 2, "change_message": "[{\"changed\": {\"fields\": [\"Lado\"]}}]"}}, {"model": "admin.logentry", "pk": 122, "fields": {"action_time": "2022-05-01T02:46:16.148Z", "user": 1, "content_type": 11, "object_id": "38", "object_repr": "72 32", "action_flag": 2, "change_message": "[{\"changed\": {\"fields\": [\"Lado\"]}}]"}}, {"model": "admin.logentry", "pk": 123, "fields": {"action_time": "2022-05-01T02:46:20.411Z", "user": 1, "content_type": 11, "object_id": "37", "object_repr": "73 33", "action_flag": 2, "change_message": "[{\"changed\": {\"fields\": [\"Lado\"]}}]"}}, {"model": "admin.logentry", "pk": 124, "fields": {"action_time": "2022-05-01T02:46:31.824Z", "user": 1, "content_type": 11, "object_id": "36", "object_repr": "74 34", "action_flag": 2, "change_message": "[{\"changed\": {\"fields\": [\"Lado\"]}}]"}}, {"model": "admin.logentry", "pk": 125, "fields": {"action_time": "2022-05-01T02:47:17.332Z", "user": 1, "content_type": 11, "object_id": "35", "object_repr": "75 35 Derecho", "action_flag": 2, "change_message": "[{\"changed\": {\"fields\": [\"Lado\"]}}]"}}, {"model": "admin.logentry", "pk": 126, "fields": {"action_time": "2022-05-01T02:47:26.210Z", "user": 1, "content_type": 11, "object_id": "34", "object_repr": "36 0 Derecho", "action_flag": 2, "change_message": "[{\"changed\": {\"fields\": [\"Lado\"]}}]"}}, {"model": "admin.logentry", "pk": 127, "fields": {"action_time": "2022-05-01T02:47:32.713Z", "user": 1, "content_type": 11, "object_id": "33", "object_repr": "37 0 Derecho", "action_flag": 2, "change_message": "[{\"changed\": {\"fields\": [\"Lado\"]}}]"}}, {"model": "admin.logentry", "pk": 128, "fields": {"action_time": "2022-05-01T02:47:36.477Z", "user": 1, "content_type": 11, "object_id": "32", "object_repr": "38 0 Derecho", "action_flag": 2, "change_message": "[{\"changed\": {\"fields\": [\"Lado\"]}}]"}}, {"model": "admin.logentry", "pk": 129, "fields": {"action_time": "2022-05-01T02:47:43.284Z", "user": 1, "content_type": 11, "object_id": "31", "object_repr": "28 0 Derecho", "action_flag": 2, "change_message": "[{\"changed\": {\"fields\": [\"Lado\"]}}]"}}, {"model": "admin.logentry", "pk": 130, "fields": {"action_time": "2022-05-01T02:47:48.080Z", "user": 1, "content_type": 11, "object_id": "30", "object_repr": "27 0 Derecho", "action_flag": 2, "change_message": "[{\"changed\": {\"fields\": [\"Lado\"]}}]"}}, {"model": "admin.logentry", "pk": 131, "fields": {"action_time": "2022-05-01T02:47:53.930Z", "user": 1, "content_type": 11, "object_id": "29", "object_repr": "26 0 Derecho", "action_flag": 2, "change_message": "[{\"changed\": {\"fields\": [\"Lado\"]}}]"}}, {"model": "admin.logentry", "pk": 132, "fields": {"action_time": "2022-05-01T02:48:12.853Z", "user": 1, "content_type": 11, "object_id": "28", "object_repr": "65 25 Izquierdo", "action_flag": 2, "change_message": "[{\"changed\": {\"fields\": [\"Numero diente\", \"Numero secundario\"]}}]"}}, {"model": "admin.logentry", "pk": 133, "fields": {"action_time": "2022-05-01T02:48:25.241Z", "user": 1, "content_type": 11, "object_id": "28", "object_repr": "65 25 Derecho", "action_flag": 2, "change_message": "[{\"changed\": {\"fields\": [\"Lado\"]}}]"}}, {"model": "admin.logentry", "pk": 134, "fields": {"action_time": "2022-05-01T02:48:38.163Z", "user": 1, "content_type": 11, "object_id": "26", "object_repr": "64 24 Derecho", "action_flag": 2, "change_message": "[{\"changed\": {\"fields\": [\"Lado\"]}}]"}}, {"model": "admin.logentry", "pk": 135, "fields": {"action_time": "2022-05-01T02:48:44.940Z", "user": 1, "content_type": 11, "object_id": "25", "object_repr": "63 23 Derecho", "action_flag": 2, "change_message": "[{\"changed\": {\"fields\": [\"Lado\"]}}]"}}, {"model": "admin.logentry", "pk": 136, "fields": {"action_time": "2022-05-01T02:48:51.076Z", "user": 1, "content_type": 11, "object_id": "24", "object_repr": "62 22 Derecho", "action_flag": 2, "change_message": "[{\"changed\": {\"fields\": [\"Lado\"]}}]"}}, {"model": "admin.logentry", "pk": 137, "fields": {"action_time": "2022-05-01T02:48:59.499Z", "user": 1, "content_type": 11, "object_id": "23", "object_repr": "61 21 Derecho", "action_flag": 2, "change_message": "[{\"changed\": {\"fields\": [\"Lado\"]}}]"}}, {"model": "admin.logentry", "pk": 138, "fields": {"action_time": "2022-05-01T02:49:15.628Z", "user": 1, "content_type": 11, "object_id": "27", "object_repr": "65 25 Izquierdo", "action_flag": 3, "change_message": ""}}, {"model": "admin.logentry", "pk": 139, "fields": {"action_time": "2022-05-01T03:26:21.693Z", "user": 1, "content_type": 4, "object_id": "2", "object_repr": "alejandra_odontologa", "action_flag": 1, "change_message": "[{\"added\": {}}]"}}, {"model": "admin.logentry", "pk": 140, "fields": {"action_time": "2022-05-01T03:26:51.710Z", "user": 1, "content_type": 4, "object_id": "3", "object_repr": "alejandra_investigadora", "action_flag": 1, "change_message": "[{\"added\": {}}]"}}, {"model": "admin.logentry", "pk": 141, "fields": {"action_time": "2022-05-01T03:28:35.572Z", "user": 1, "content_type": 7, "object_id": "1", "object_repr": "Perfiles object (1)", "action_flag": 1, "change_message": "[{\"added\": {}}]"}}, {"model": "admin.logentry", "pk": 142, "fields": {"action_time": "2022-05-01T03:28:42.108Z", "user": 1, "content_type": 7, "object_id": "2", "object_repr": "Perfiles object (2)", "action_flag": 1, "change_message": "[{\"added\": {}}]"}}, {"model": "admin.logentry", "pk": 143, "fields": {"action_time": "2022-05-01T19:13:52.421Z", "user": 1, "content_type": 10, "object_id": "1", "object_repr": "Perez Juan", "action_flag": 2, "change_message": "[{\"changed\": {\"fields\": [\"Tipo documento\"]}}]"}}, {"model": "admin.logentry", "pk": 144, "fields": {"action_time": "2022-05-01T19:56:14.182Z", "user": 1, "content_type": 11, "object_id": "7", "object_repr": "11 51 Izquierdo", "action_flag": 2, "change_message": "[{\"changed\": {\"fields\": [\"Orden\"]}}]"}}, {"model": "admin.logentry", "pk": 145, "fields": {"action_time": "2022-05-01T19:56:49.735Z", "user": 1, "content_type": 11, "object_id": "8", "object_repr": "12 52 Izquierdo", "action_flag": 2, "change_message": "[{\"changed\": {\"fields\": [\"Orden\"]}}]"}}, {"model": "admin.logentry", "pk": 146, "fields": {"action_time": "2022-05-01T19:56:56.103Z", "user": 1, "content_type": 11, "object_id": "9", "object_repr": "13 53 Izquierdo", "action_flag": 2, "change_message": "[{\"changed\": {\"fields\": [\"Orden\"]}}]"}}, {"model": "admin.logentry", "pk": 147, "fields": {"action_time": "2022-05-01T19:57:03.408Z", "user": 1, "content_type": 11, "object_id": "10", "object_repr": "14 54 Izquierdo", "action_flag": 2, "change_message": "[{\"changed\": {\"fields\": [\"Orden\"]}}]"}}, {"model": "admin.logentry", "pk": 148, "fields": {"action_time": "2022-05-01T19:57:10.730Z", "user": 1, "content_type": 11, "object_id": "11", "object_repr": "15 55 Izquierdo", "action_flag": 2, "change_message": "[{\"changed\": {\"fields\": [\"Orden\"]}}]"}}, {"model": "admin.logentry", "pk": 149, "fields": {"action_time": "2022-05-01T19:57:17.808Z", "user": 1, "content_type": 11, "object_id": "12", "object_repr": "16 0 Izquierdo", "action_flag": 2, "change_message": "[{\"changed\": {\"fields\": [\"Orden\"]}}]"}}, {"model": "admin.logentry", "pk": 150, "fields": {"action_time": "2022-05-01T19:57:25.053Z", "user": 1, "content_type": 11, "object_id": "13", "object_repr": "17 0 Izquierdo", "action_flag": 2, "change_message": "[{\"changed\": {\"fields\": [\"Orden\"]}}]"}}, {"model": "admin.logentry", "pk": 151, "fields": {"action_time": "2022-05-01T19:57:32.990Z", "user": 1, "content_type": 11, "object_id": "14", "object_repr": "18 0 Izquierdo", "action_flag": 2, "change_message": "[{\"changed\": {\"fields\": [\"Orden\"]}}]"}}, {"model": "admin.logentry", "pk": 152, "fields": {"action_time": "2022-05-01T19:57:42.886Z", "user": 1, "content_type": 11, "object_id": "15", "object_repr": "48 0 Izquierdo", "action_flag": 2, "change_message": "[{\"changed\": {\"fields\": [\"Orden\"]}}]"}}, {"model": "admin.logentry", "pk": 153, "fields": {"action_time": "2022-05-01T19:57:51.784Z", "user": 1, "content_type": 11, "object_id": "16", "object_repr": "47 0 Izquierdo", "action_flag": 2, "change_message": "[{\"changed\": {\"fields\": [\"Orden\"]}}]"}}, {"model": "admin.logentry", "pk": 154, "fields": {"action_time": "2022-05-01T19:57:59.638Z", "user": 1, "content_type": 11, "object_id": "17", "object_repr": "46 0 Izquierdo", "action_flag": 2, "change_message": "[{\"changed\": {\"fields\": [\"Orden\"]}}]"}}, {"model": "admin.logentry", "pk": 155, "fields": {"action_time": "2022-05-01T19:58:09.303Z", "user": 1, "content_type": 11, "object_id": "18", "object_repr": "45 85 Izquierdo", "action_flag": 2, "change_message": "[{\"changed\": {\"fields\": [\"Orden\"]}}]"}}, {"model": "admin.logentry", "pk": 156, "fields": {"action_time": "2022-05-01T19:58:21.238Z", "user": 1, "content_type": 11, "object_id": "19", "object_repr": "44 84 Izquierdo", "action_flag": 2, "change_message": "[{\"changed\": {\"fields\": [\"Orden\"]}}]"}}, {"model": "admin.logentry", "pk": 157, "fields": {"action_time": "2022-05-01T19:58:32.366Z", "user": 1, "content_type": 11, "object_id": "20", "object_repr": "43 83 Izquierdo", "action_flag": 2, "change_message": "[{\"changed\": {\"fields\": [\"Orden\"]}}]"}}, {"model": "admin.logentry", "pk": 158, "fields": {"action_time": "2022-05-01T19:59:09.703Z", "user": 1, "content_type": 11, "object_id": "21", "object_repr": "42 82 Izquierdo 015", "action_flag": 2, "change_message": "[{\"changed\": {\"fields\": [\"Orden\"]}}]"}}, {"model": "admin.logentry", "pk": 159, "fields": {"action_time": "2022-05-01T19:59:17.492Z", "user": 1, "content_type": 11, "object_id": "22", "object_repr": "41 81 Izquierdo 016", "action_flag": 2, "change_message": "[{\"changed\": {\"fields\": [\"Orden\"]}}]"}}, {"model": "admin.logentry", "pk": 160, "fields": {"action_time": "2022-05-01T19:59:39.166Z", "user": 1, "content_type": 11, "object_id": "23", "object_repr": "61 21 Derecho 000", "action_flag": 2, "change_message": "[{\"changed\": {\"fields\": [\"Orden\"]}}]"}}, {"model": "admin.logentry", "pk": 161, "fields": {"action_time": "2022-05-01T19:59:45.374Z", "user": 1, "content_type": 11, "object_id": "24", "object_repr": "62 22 Derecho 001", "action_flag": 2, "change_message": "[{\"changed\": {\"fields\": [\"Orden\"]}}]"}}, {"model": "admin.logentry", "pk": 162, "fields": {"action_time": "2022-05-01T19:59:51.702Z", "user": 1, "content_type": 11, "object_id": "25", "object_repr": "63 23 Derecho 002", "action_flag": 2, "change_message": "[{\"changed\": {\"fields\": [\"Orden\"]}}]"}}, {"model": "admin.logentry", "pk": 163, "fields": {"action_time": "2022-05-01T20:00:09.182Z", "user": 1, "content_type": 11, "object_id": "26", "object_repr": "64 24 Derecho 003", "action_flag": 2, "change_message": "[{\"changed\": {\"fields\": [\"Orden\"]}}]"}}, {"model": "admin.logentry", "pk": 164, "fields": {"action_time": "2022-05-01T20:00:14.888Z", "user": 1, "content_type": 11, "object_id": "28", "object_repr": "65 25 Derecho 004", "action_flag": 2, "change_message": "[{\"changed\": {\"fields\": [\"Orden\"]}}]"}}, {"model": "admin.logentry", "pk": 165, "fields": {"action_time": "2022-05-01T20:00:20.119Z", "user": 1, "content_type": 11, "object_id": "29", "object_repr": "26 0 Derecho 005", "action_flag": 2, "change_message": "[{\"changed\": {\"fields\": [\"Orden\"]}}]"}}, {"model": "admin.logentry", "pk": 166, "fields": {"action_time": "2022-05-01T20:00:26.430Z", "user": 1, "content_type": 11, "object_id": "30", "object_repr": "27 0 Derecho 006", "action_flag": 2, "change_message": "[{\"changed\": {\"fields\": [\"Orden\"]}}]"}}, {"model": "admin.logentry", "pk": 167, "fields": {"action_time": "2022-05-01T20:00:52.366Z", "user": 1, "content_type": 11, "object_id": "31", "object_repr": "28 0 Derecho 007", "action_flag": 2, "change_message": "[{\"changed\": {\"fields\": [\"Orden\"]}}]"}}, {"model": "admin.logentry", "pk": 168, "fields": {"action_time": "2022-05-01T20:00:57.889Z", "user": 1, "content_type": 11, "object_id": "32", "object_repr": "38 0 Derecho 008", "action_flag": 2, "change_message": "[{\"changed\": {\"fields\": [\"Orden\"]}}]"}}, {"model": "admin.logentry", "pk": 169, "fields": {"action_time": "2022-05-01T20:01:03.743Z", "user": 1, "content_type": 11, "object_id": "33", "object_repr": "37 0 Derecho 009", "action_flag": 2, "change_message": "[{\"changed\": {\"fields\": [\"Orden\"]}}]"}}, {"model": "admin.logentry", "pk": 170, "fields": {"action_time": "2022-05-01T20:01:09.925Z", "user": 1, "content_type": 11, "object_id": "34", "object_repr": "36 0 Derecho 010", "action_flag": 2, "change_message": "[{\"changed\": {\"fields\": [\"Orden\"]}}]"}}, {"model": "admin.logentry", "pk": 171, "fields": {"action_time": "2022-05-01T20:01:15.592Z", "user": 1, "content_type": 11, "object_id": "35", "object_repr": "75 35 Derecho 011", "action_flag": 2, "change_message": "[{\"changed\": {\"fields\": [\"Orden\"]}}]"}}, {"model": "admin.logentry", "pk": 172, "fields": {"action_time": "2022-05-01T20:01:20.254Z", "user": 1, "content_type": 11, "object_id": "36", "object_repr": "74 34 Derecho 012", "action_flag": 2, "change_message": "[{\"changed\": {\"fields\": [\"Orden\"]}}]"}}, {"model": "admin.logentry", "pk": 173, "fields": {"action_time": "2022-05-01T20:01:25.126Z", "user": 1, "content_type": 11, "object_id": "37", "object_repr": "73 33 Derecho 013", "action_flag": 2, "change_message": "[{\"changed\": {\"fields\": [\"Orden\"]}}]"}}, {"model": "admin.logentry", "pk": 174, "fields": {"action_time": "2022-05-01T20:01:29.871Z", "user": 1, "content_type": 11, "object_id": "38", "object_repr": "72 32 Derecho 014", "action_flag": 2, "change_message": "[{\"changed\": {\"fields\": [\"Orden\"]}}]"}}, {"model": "admin.logentry", "pk": 175, "fields": {"action_time": "2022-05-01T20:01:34.981Z", "user": 1, "content_type": 11, "object_id": "39", "object_repr": "71 31 Derecho 015", "action_flag": 2, "change_message": "[{\"changed\": {\"fields\": [\"Orden\"]}}]"}}, {"model": "admin.logentry", "pk": 176, "fields": {"action_time": "2022-05-01T23:54:00.226Z", "user": 1, "content_type": 12, "object_id": "36", "object_repr": "CER Cervical", "action_flag": 2, "change_message": "[{\"changed\": {\"fields\": [\"Acronimo\"]}}]"}}, {"model": "admin.logentry", "pk": 177, "fields": {"action_time": "2022-05-02T01:02:05.687Z", "user": 1, "content_type": 4, "object_id": "4", "object_repr": "polvora", "action_flag": 3, "change_message": ""}}, {"model": "admin.logentry", "pk": 178, "fields": {"action_time": "2022-05-02T01:03:04.157Z", "user": 1, "content_type": 4, "object_id": "5", "object_repr": "polvora", "action_flag": 3, "change_message": ""}}, {"model": "admin.logentry", "pk": 179, "fields": {"action_time": "2022-05-02T01:03:58.054Z", "user": 1, "content_type": 4, "object_id": "6", "object_repr": "polvora", "action_flag": 3, "change_message": ""}}, {"model": "auth.permission", "pk": 1, "fields": {"name": "Can add log entry", "content_type": 1, "codename": "add_logentry"}}, {"model": "auth.permission", "pk": 2, "fields": {"name": "Can change log entry", "content_type": 1, "codename": "change_logentry"}}, {"model": "auth.permission", "pk": 3, "fields": {"name": "Can delete log entry", "content_type": 1, "codename": "delete_logentry"}}, {"model": "auth.permission", "pk": 4, "fields": {"name": "Can view log entry", "content_type": 1, "codename": "view_logentry"}}, {"model": "auth.permission", "pk": 5, "fields": {"name": "Can add permission", "content_type": 2, "codename": "add_permission"}}, {"model": "auth.permission", "pk": 6, "fields": {"name": "Can change permission", "content_type": 2, "codename": "change_permission"}}, {"model": "auth.permission", "pk": 7, "fields": {"name": "Can delete permission", "content_type": 2, "codename": "delete_permission"}}, {"model": "auth.permission", "pk": 8, "fields": {"name": "Can view permission", "content_type": 2, "codename": "view_permission"}}, {"model": "auth.permission", "pk": 9, "fields": {"name": "Can add group", "content_type": 3, "codename": "add_group"}}, {"model": "auth.permission", "pk": 10, "fields": {"name": "Can change group", "content_type": 3, "codename": "change_group"}}, {"model": "auth.permission", "pk": 11, "fields": {"name": "Can delete group", "content_type": 3, "codename": "delete_group"}}, {"model": "auth.permission", "pk": 12, "fields": {"name": "Can view group", "content_type": 3, "codename": "view_group"}}, {"model": "auth.permission", "pk": 13, "fields": {"name": "Can add user", "content_type": 4, "codename": "add_user"}}, {"model": "auth.permission", "pk": 14, "fields": {"name": "Can change user", "content_type": 4, "codename": "change_user"}}, {"model": "auth.permission", "pk": 15, "fields": {"name": "Can delete user", "content_type": 4, "codename": "delete_user"}}, {"model": "auth.permission", "pk": 16, "fields": {"name": "Can view user", "content_type": 4, "codename": "view_user"}}, {"model": "auth.permission", "pk": 17, "fields": {"name": "Can add content type", "content_type": 5, "codename": "add_contenttype"}}, {"model": "auth.permission", "pk": 18, "fields": {"name": "Can change content type", "content_type": 5, "codename": "change_contenttype"}}, {"model": "auth.permission", "pk": 19, "fields": {"name": "Can delete content type", "content_type": 5, "codename": "delete_contenttype"}}, {"model": "auth.permission", "pk": 20, "fields": {"name": "Can view content type", "content_type": 5, "codename": "view_contenttype"}}, {"model": "auth.permission", "pk": 21, "fields": {"name": "Can add session", "content_type": 6, "codename": "add_session"}}, {"model": "auth.permission", "pk": 22, "fields": {"name": "Can change session", "content_type": 6, "codename": "change_session"}}, {"model": "auth.permission", "pk": 23, "fields": {"name": "Can delete session", "content_type": 6, "codename": "delete_session"}}, {"model": "auth.permission", "pk": 24, "fields": {"name": "Can view session", "content_type": 6, "codename": "view_session"}}, {"model": "auth.permission", "pk": 25, "fields": {"name": "Can add perfiles", "content_type": 7, "codename": "add_perfiles"}}, {"model": "auth.permission", "pk": 26, "fields": {"name": "Can change perfiles", "content_type": 7, "codename": "change_perfiles"}}, {"model": "auth.permission", "pk": 27, "fields": {"name": "Can delete perfiles", "content_type": 7, "codename": "delete_perfiles"}}, {"model": "auth.permission", "pk": 28, "fields": {"name": "Can view perfiles", "content_type": 7, "codename": "view_perfiles"}}, {"model": "auth.permission", "pk": 29, "fields": {"name": "Can add tipo perfil", "content_type": 8, "codename": "add_tipoperfil"}}, {"model": "auth.permission", "pk": 30, "fields": {"name": "Can change tipo perfil", "content_type": 8, "codename": "change_tipoperfil"}}, {"model": "auth.permission", "pk": 31, "fields": {"name": "Can delete tipo perfil", "content_type": 8, "codename": "delete_tipoperfil"}}, {"model": "auth.permission", "pk": 32, "fields": {"name": "Can view tipo perfil", "content_type": 8, "codename": "view_tipoperfil"}}, {"model": "auth.permission", "pk": 33, "fields": {"name": "Can add pacientes dientes", "content_type": 9, "codename": "add_pacientesdientes"}}, {"model": "auth.permission", "pk": 34, "fields": {"name": "Can change pacientes dientes", "content_type": 9, "codename": "change_pacientesdientes"}}, {"model": "auth.permission", "pk": 35, "fields": {"name": "Can delete pacientes dientes", "content_type": 9, "codename": "delete_pacientesdientes"}}, {"model": "auth.permission", "pk": 36, "fields": {"name": "Can view pacientes dientes", "content_type": 9, "codename": "view_pacientesdientes"}}, {"model": "auth.permission", "pk": 37, "fields": {"name": "Can add pacientes", "content_type": 10, "codename": "add_pacientes"}}, {"model": "auth.permission", "pk": 38, "fields": {"name": "Can change pacientes", "content_type": 10, "codename": "change_pacientes"}}, {"model": "auth.permission", "pk": 39, "fields": {"name": "Can delete pacientes", "content_type": 10, "codename": "delete_pacientes"}}, {"model": "auth.permission", "pk": 40, "fields": {"name": "Can view pacientes", "content_type": 10, "codename": "view_pacientes"}}, {"model": "auth.permission", "pk": 41, "fields": {"name": "Can add dientes", "content_type": 11, "codename": "add_dientes"}}, {"model": "auth.permission", "pk": 42, "fields": {"name": "Can change dientes", "content_type": 11, "codename": "change_dientes"}}, {"model": "auth.permission", "pk": 43, "fields": {"name": "Can delete dientes", "content_type": 11, "codename": "delete_dientes"}}, {"model": "auth.permission", "pk": 44, "fields": {"name": "Can view dientes", "content_type": 11, "codename": "view_dientes"}}, {"model": "auth.permission", "pk": 45, "fields": {"name": "Can add codificaciones", "content_type": 12, "codename": "add_codificaciones"}}, {"model": "auth.permission", "pk": 46, "fields": {"name": "Can change codificaciones", "content_type": 12, "codename": "change_codificaciones"}}, {"model": "auth.permission", "pk": 47, "fields": {"name": "Can delete codificaciones", "content_type": 12, "codename": "delete_codificaciones"}}, {"model": "auth.permission", "pk": 48, "fields": {"name": "Can view codificaciones", "content_type": 12, "codename": "view_codificaciones"}}, {"model": "auth.permission", "pk": 49, "fields": {"name": "Can add tipo documento", "content_type": 13, "codename": "add_tipodocumento"}}, {"model": "auth.permission", "pk": 50, "fields": {"name": "Can change tipo documento", "content_type": 13, "codename": "change_tipodocumento"}}, {"model": "auth.permission", "pk": 51, "fields": {"name": "Can delete tipo documento", "content_type": 13, "codename": "delete_tipodocumento"}}, {"model": "auth.permission", "pk": 52, "fields": {"name": "Can view tipo documento", "content_type": 13, "codename": "view_tipodocumento"}}, {"model": "auth.permission", "pk": 53, "fields": {"name": "Can add tipo codificacion", "content_type": 14, "codename": "add_tipocodificacion"}}, {"model": "auth.permission", "pk": 54, "fields": {"name": "Can change tipo codificacion", "content_type": 14, "codename": "change_tipocodificacion"}}, {"model": "auth.permission", "pk": 55, "fields": {"name": "Can delete tipo codificacion", "content_type": 14, "codename": "delete_tipocodificacion"}}, {"model": "auth.permission", "pk": 56, "fields": {"name": "Can view tipo codificacion", "content_type": 14, "codename": "view_tipocodificacion"}}, {"model": "auth.permission", "pk": 57, "fields": {"name": "Can add informe forense", "content_type": 15, "codename": "add_informeforense"}}, {"model": "auth.permission", "pk": 58, "fields": {"name": "Can change informe forense", "content_type": 15, "codename": "change_informeforense"}}, {"model": "auth.permission", "pk": 59, "fields": {"name": "Can delete informe forense", "content_type": 15, "codename": "delete_informeforense"}}, {"model": "auth.permission", "pk": 60, "fields": {"name": "Can view informe forense", "content_type": 15, "codename": "view_informeforense"}}, {"model": "auth.user", "pk": 1, "fields": {"password": "pbkdf2_sha256$320000$51jvVG70id70CqaP5oMxtQ$/r63wdy0jp5huVRNpdzf4y3B6ALIqqqnAaKhSRyFgnw=", "last_login": "2022-05-01T22:44:54.265Z", "is_superuser": true, "username": "admin", "first_name": "", "last_name": "", "email": "admin@localhost.com", "is_staff": true, "is_active": true, "date_joined": "2022-05-01T01:10:36.036Z", "groups": [], "user_permissions": []}}, {"model": "auth.user", "pk": 2, "fields": {"password": "pbkdf2_sha256$320000$RXB8eU3Fzp9dWolGqvdXpG$HlVcCsXcL0AX7awRNwu7ZVaMmJOs6jDLN3OOGQYddmA=", "last_login": "2022-05-02T02:38:56.936Z", "is_superuser": false, "username": "alejandra_odontologa", "first_name": "", "last_name": "", "email": "", "is_staff": false, "is_active": true, "date_joined": "2022-05-01T03:26:21.542Z", "groups": [], "user_permissions": []}}, {"model": "auth.user", "pk": 3, "fields": {"password": "pbkdf2_sha256$320000$iK5HQKmu4vGs6hpQ0jNaT9$uxurEPecgKPZvB/J74tmkWfE7Fqy4NXW8lrp0225R2s=", "last_login": "2022-05-02T02:39:35.343Z", "is_superuser": false, "username": "alejandra_investigadora", "first_name": "", "last_name": "", "email": "", "is_staff": false, "is_active": true, "date_joined": "2022-05-01T03:26:51.564Z", "groups": [], "user_permissions": []}}, {"model": "auth.user", "pk": 7, "fields": {"password": "pbkdf2_sha256$320000$FUY2CdOTZvWlbNlW0KHwfl$vKDDjsvDIUCfEg6GWW3D9BUK38aeBzJJiFJBqD4g0a4=", "last_login": "2022-05-02T01:04:21.928Z", "is_superuser": false, "username": "polvora", "first_name": "", "last_name": "", "email": "", "is_staff": false, "is_active": true, "date_joined": "2022-05-02T01:04:21.588Z", "groups": [], "user_permissions": []}}, {"model": "contenttypes.contenttype", "pk": 1, "fields": {"app_label": "admin", "model": "logentry"}}, {"model": "contenttypes.contenttype", "pk": 2, "fields": {"app_label": "auth", "model": "permission"}}, {"model": "contenttypes.contenttype", "pk": 3, "fields": {"app_label": "auth", "model": "group"}}, {"model": "contenttypes.contenttype", "pk": 4, "fields": {"app_label": "auth", "model": "user"}}, {"model": "contenttypes.contenttype", "pk": 5, "fields": {"app_label": "contenttypes", "model": "contenttype"}}, {"model": "contenttypes.contenttype", "pk": 6, "fields": {"app_label": "sessions", "model": "session"}}, {"model": "contenttypes.contenttype", "pk": 7, "fields": {"app_label": "odontologia", "model": "perfiles"}}, {"model": "contenttypes.contenttype", "pk": 8, "fields": {"app_label": "odontologia", "model": "tipoperfil"}}, {"model": "contenttypes.contenttype", "pk": 9, "fields": {"app_label": "odontologia", "model": "pacientesdientes"}}, {"model": "contenttypes.contenttype", "pk": 10, "fields": {"app_label": "odontologia", "model": "pacientes"}}, {"model": "contenttypes.contenttype", "pk": 11, "fields": {"app_label": "odontologia", "model": "dientes"}}, {"model": "contenttypes.contenttype", "pk": 12, "fields": {"app_label": "odontologia", "model": "codificaciones"}}, {"model": "contenttypes.contenttype", "pk": 13, "fields": {"app_label": "odontologia", "model": "tipodocumento"}}, {"model": "contenttypes.contenttype", "pk": 14, "fields": {"app_label": "odontologia", "model": "tipocodificacion"}}, {"model": "contenttypes.contenttype", "pk": 15, "fields": {"app_label": "odontologia", "model": "informeforense"}}, {"model": "sessions.session", "pk": "7vbfi31ldp3fvvxwk7x5bqd2jt0exrhz", "fields": {"session_data": "e30:1nlKU9:NoYlzDGkq_hRvSchcIhu5nawBVNoSZfW3DTD2le-ER4", "expire_date": "2022-05-16T01:04:21.924Z"}}, {"model": "sessions.session", "pk": "pwglpcut9nl38uxj1okybq0wirqaoo71", "fields": {"session_data": ".eJxVjEEOwiAQRe_C2hBbhlJcuvcMZGYYpGogKe3KeHfbpAvd_vfef6uA65LD2mQOU1QX1anT70bITyk7iA8s96q5lmWeSO-KPmjTtxrldT3cv4OMLW-1JOSRgUGQ0iA4OC_gGHrujHD0PRImb-Bsx8S4uZ7QWLDE7LwTqz5fLzk5jA:1nlIJC:HhiaH5YcskfRLy59Pj-SMe0s92r-H6jRV7aenYU-tZg", "expire_date": "2022-05-15T22:44:54.270Z"}}, {"model": "sessions.session", "pk": "wgapxd3vjzw4zrp2dgx2odxxl38l3gsw", "fields": {"session_data": ".eJxVjEEOwiAQRe_C2hBaKCMu3XsGMsyAVA0kpV0Z7y5NutDte-__t_C4rdlvLS5-ZnERWpx-WUB6xrILfmC5V0m1rMsc5J7IwzZ5qxxf16P9O8jYcl-fjQKagGhKboDRxgA0UkpoUmRgowEMGzuQdtwBaaVcDxU7QrAWxOcL7xU38g:1nlLyJ:mm3ZERKPf6Y5Jkm83aYEyCWYrtdBYAFBjFMhLTHF9no", "expire_date": "2022-05-16T02:39:35.348Z"}}]